<?xml version="1.0" encoding="UTF-8"?>
<!DOCTYPE hibernate-mapping PUBLIC
        "-//Hibernate/Hibernate Mapping DTD 3.0//EN"
        "http://www.hibernate.org/dtd/hibernate-mapping-3.0.dtd">
<hibernate-mapping package="com.paypal.bfs.test.bookingserv.api.model">
    <class name="Address" table="ADDRESS">
        <id name="id" column="id">
            <generator class="native"/>
        </id>
         <property name="booking" column="booking" type="integer"  />
        <property name="line1" column="line1" type="string" />
        <property name="line2" column="line2" type="string" />
         <property name="city" column="city" type="string" />
          <property name="state" column="state" type="string" />
           <property name="zipCode" column="zip_code" type="string" />
   
    <!--   <one-to-one name="booking"  constrained="true"  foreign-key="booking" class="com.paypal.bfs.test.bookingserv.api.model.Booking"  property-ref="bookingId"></one-to-one> -->
           
    </class> 
</hibernate-mapping>