<?xml version="1.0" encoding="UTF-8"?>
<!DOCTYPE hibernate-mapping PUBLIC
        "-//Hibernate/Hibernate Mapping DTD 3.0//EN"
        "http://www.hibernate.org/dtd/hibernate-mapping-3.0.dtd">
<hibernate-mapping package="com.paypal.bfs.test.bookingserv.api.model">
    <class name="Booking" table="BOOKING">
        <id name="bookingId" column="booking_id">
            <generator class="native"/>
        </id>
        
        <property name="firstName" column="first_name" />
        <property name="lastName" column="last_name" />
        <property name="dateOfBirth" column="date_Of_Birth" type="date" />
         <property name="checkinDatetime" column="checkin_datetime" type="date" />
          <property name="checkoutDatetime" column="checkout_datetime" type="date" />
           <property name="totalPrice" column="total_price" type="integer" />
           <property name="deposit" column="deposit" type="integer" />
           
           <one-to-one name="address"  property-ref="booking" cascade="all" fetch="join" class = "com.paypal.bfs.test.bookingserv.api.model.Address"></one-to-one>
           
           
    </class> 
</hibernate-mapping>