<?xml version='1.0' encoding='utf-8'?>
<!DOCTYPE hibernate-configuration PUBLIC
        "-//Hibernate/Hibernate Configuration DTD 3.0//EN"
        "http://www.hibernate.org/dtd/hibernate-configuration-3.0.dtd">
<hibernate-configuration>       
  <session-factory>
    <!-- Database connection settings -->
    <property name="connection.driver_class">org.h2.Driver</property>
    <property name="connection.url">jdbc:h2:mem:testdb</property>
    <property name="connection.username">sa</property>
    <property name="connection.password"></property>
    <property name="dialect">org.hibernate.dialect.H2Dialect</property>
    <property name="show_sql">true</property>
     
    <mapping resource="Booking.hbm.xml"/>
    <mapping resource="Address.hbm.xml"/>
       
  </session-factory>
</hibernate-configuration>