{
  "title": "Booking resource",
  "description": "Booking resource object",
  "type": "object",
  "javaInterfaces" : ["java.io.Serializable"],
   
  "properties": {
    
    
    "booking_id": {
      "description": "Booking id",
      "type": "integer"
    },
    "first_name": {
      "description": "First name",
      "type": "string",
      "minLength": 1,
      "maxLength": 255
    },
    "last_name": {
      "description": "Last name",
      "type": "string",
      "minLength": 1,
      "maxLength": 255
    },
     "date_Of_Birth": {
      "description": "Date Of Birth",
      "type": "string",
      "format": "date-time"
    },
     "checkin_datetime": {
      "description": "CheckIn Time",
      "type": "string",
      "format": "date-time"
    },
    "checkout_datetime": {
      "description": "Checkout Time",
      "type": "string",
      "format": "date-time"
    },
    "total_price": {
      "description": "Total Price",
      "type": "integer"
    },
    "deposit": {
      "description": "Deposit",
      "type": "integer"
    },
    "address" : {
      "title": "Address",
      "description": "Address object",
      "type": "object",
      "javaInterfaces" : ["java.io.Serializable"],
      "properties" : {
       
       "id": {
	      "description": "Address ID",
	      "type": "integer"
	    },
	    
	    "booking": {
	      "description": "Booking ID",
	      "type": "integer"
	    },
	    
	    "line1": {
	      "description": "Line1",
	      "type": "string",
          "minLength": 1,
          "maxLength": 255
	    },
	    "line2": {
	      "description": "Line2",
	      "type": "string",
          "minLength": 1,
          "maxLength": 255
	    },
	    "city": {
	      "description": "City",
	      "type": "string",
          "minLength": 1,
          "maxLength": 255
	    },
	    "state": {
	      "description": "State",
	      "type": "string",
          "minLength": 1,
          "maxLength": 255
	    },
	    "zip_code": {
	      "description": "ZipCode",
	      "type": "string",
          "minLength": 1,
          "maxLength": 255
	    }    
      },
      "required": [
        "line1",
        "city",
        "state",
        "zip_code"
     ]
    }   
  },
  "required": [
    "first_name",
    "last_name"
  ]
}