<?xml version="1.0" encoding="UTF-8" ?>
<entity-mappings xmlns="http://java.sun.com/xml/ns/persistence/orm"
                 xmlns:xsi="http://www.w3.org/2001/XMLSchema-instance"
                 xsi:schemaLocation="http://java.sun.com/xml/ns/persistence/orm http://java.sun.com/xml/ns/persistence/orm_2_0.xsd"
                 version="2.0">

    <entity class="com.paypal.bfs.test.bookingserv.api.model.Booking" access="FIELD">
        <table name="booking"/>
        <attributes>
             <id name="bookingId" >
               <column name = "booking_id"/>
                <generated-value strategy="AUTO"/>
            </id>
            <basic name="firstName">
                <column name="first_name" length="200"/>
            </basic>
             <basic name="lastName">
                <column name="last_name" length="200"/>
            </basic>
             <basic name="dateOfBirth">
                <column name="date_Of_Birth" length="200"/>
            </basic>
             <basic name="checkinDatetime">
                <column name="checkin_datetime" length="200"/>
            </basic>
             <basic name="checkoutDatetime">
                <column name="checkout_datetime" length="200"/>
            </basic>
             <basic name="totalPrice">
                <column name="total_price" length="200"/>
            </basic>
            <basic name="deposit">
                <column name="deposit" length="200"/>
            </basic>
           <one-to-many name ="address" mapped-by="address" fetch="LAZY"  target-entity="address">
           <join-column  updatable="true"/>
           </one-to-many>
        </attributes>
    </entity>
    
    <entity class="com.paypal.bfs.test.bookingserv.api.model.Address" access="FIELD">
        <table name="address"/>
        <attributes>
            <id name="id">
                <generated-value strategy="AUTO"/>
            </id>
            <basic name="line1">
                <column name="line1" length="200"/>
            </basic>
             <basic name="line2">
                <column name="line2" length="200"/>
            </basic>
             <basic name="city">
                <column name="city" length="200"/>
            </basic>
             <basic name="state">
                <column name="state" length="200"/>
            </basic>
             <basic name="zipCode">
                <column name="zip_code" length="200"/>
            </basic>
            <many-to-one name="booking_id" target-entity="booking" optional="false" >
             <join-column referenced-column-name="booking_id"/>
            </many-to-one>
        </attributes>
    </entity>

</entity-mappings>